City_ID,city,Lat,Lng,Max Temp,Humidity,Cloudiness,Wind Speed,Country,Date
0,Mount Gambier,-37.8333,140.7667,60.71,94,100,5.75,AU,2022-04-15 21:31:19
1,Jamestown,42.097,-79.2353,63.52,25,75,16.11,US,2022-04-15 21:30:25
2,Bluff,-46.6,168.3333,54.81,63,37,35.75,NZ,2022-04-15 21:31:19
3,Serra Talhada,-7.9919,-38.2983,82.53,50,76,6.4,BR,2022-04-15 21:31:20
4,Mitsamiouli,-11.3847,43.2844,82.04,79,65,9.57,KM,2022-04-15 21:31:20
5,Saint George,37.1041,-113.5841,76.42,15,0,9.22,US,2022-04-15 21:31:21
6,Hobart,-42.8794,147.3294,52.05,78,75,1.14,AU,2022-04-15 21:31:21
7,Vaini,-21.2,-175.2,82.56,74,20,8.05,TO,2022-04-15 21:31:21
8,Kapaa,22.0752,-159.319,80.58,71,75,17.27,US,2022-04-15 21:31:22
9,Bredasdorp,-34.5322,20.0403,58.01,62,96,11.56,ZA,2022-04-15 21:31:22
10,Silver City,32.7701,-108.2803,76.96,9,0,17.27,US,2022-04-15 21:31:22
11,Aklavik,68.2191,-135.0107,5.9,77,96,5.46,CA,2022-04-15 21:31:23
12,Port Alfred,-33.5906,26.891,60.51,68,96,7.94,ZA,2022-04-15 21:31:23
13,Mataura,-46.1927,168.8643,54.48,62,79,14.38,NZ,2022-04-15 21:31:23
14,Vila Velha,-20.3297,-40.2925,76.95,73,100,14.97,BR,2022-04-15 21:31:24
15,Tarakan,3.3,117.6333,78.3,94,40,2.3,ID,2022-04-15 21:31:24
16,Atuona,-9.8,-139.0333,78.87,78,17,15.61,PF,2022-04-15 21:31:25
17,Karratha,-20.7377,116.8463,83.14,69,66,3.8,AU,2022-04-15 21:31:25
18,Yellowknife,62.456,-114.3525,22.28,45,75,4.61,CA,2022-04-15 21:30:25
19,Hami,42.8,93.45,43.75,39,69,10.27,CN,2022-04-15 21:31:25
20,Tautira,-17.7333,-149.15,80.67,74,15,15.21,PF,2022-04-15 21:28:04
21,Zlobin,45.2924,14.6541,52.9,60,0,3.44,HR,2022-04-15 21:31:26
22,Pavlodar,52.3,76.95,46.2,42,0,11.18,KZ,2022-04-15 21:31:26
23,Cedar City,37.6775,-113.0619,61.77,20,0,18.41,US,2022-04-15 21:31:27
24,Punta Arenas,-53.15,-70.9167,50.11,66,20,26.46,CL,2022-04-15 21:31:27
25,Tuktoyaktuk,69.4541,-133.0374,-7.6,84,40,2.3,CA,2022-04-15 21:31:27
26,Hermanus,-34.4187,19.2345,52.81,66,74,14.72,ZA,2022-04-15 21:29:01
27,Airai,-8.9266,125.4092,61.36,88,100,1.77,TL,2022-04-15 21:31:28
28,Barrow,71.2906,-156.7887,3.22,78,0,28.77,US,2022-04-15 21:31:28
29,Nabire,-3.3667,135.4833,76.95,90,100,3.09,ID,2022-04-15 21:31:28
30,Rikitea,-23.1203,-134.9692,77.63,71,1,16.78,PF,2022-04-15 21:31:29
31,Castro,-24.7911,-50.0119,55.22,65,0,4.21,BR,2022-04-15 21:29:53
32,Fortuna,40.5982,-124.1573,50.94,61,0,9.22,US,2022-04-15 21:31:29
33,Lokoja,7.8024,6.743,81.82,70,71,1.81,NG,2022-04-15 21:31:30
34,Port Elizabeth,-33.918,25.5701,57.49,78,0,2.3,ZA,2022-04-15 21:31:30
35,Domoni,-12.2569,44.5319,79.57,86,65,3.27,KM,2022-04-15 21:31:31
36,Shahrud,36.4182,54.9763,52.34,63,84,10.74,IR,2022-04-15 21:31:31
37,Ushuaia,-54.8,-68.3,47.86,71,75,14.97,AR,2022-04-15 21:30:07
38,Guerrero Negro,27.9769,-114.0611,67.14,53,96,17.38,MX,2022-04-15 21:31:32
39,Sinnamary,5.3833,-52.95,77.72,86,96,10.22,GF,2022-04-15 21:31:32
40,Busselton,-33.65,115.3333,58.26,92,16,6.69,AU,2022-04-15 21:29:05
41,Pangody,65.85,74.4859,25.41,95,100,3.69,RU,2022-04-15 21:31:32
42,Korla,41.7597,86.1469,46.71,14,0,3.38,CN,2022-04-15 21:31:33
43,Pasighat,28.0667,95.3333,65.64,93,100,4.27,IN,2022-04-15 21:31:33
44,Qaanaaq,77.484,-69.3632,-2.88,94,100,7.07,GL,2022-04-15 21:31:33
45,Nikolskoye,59.7035,30.7861,39.87,82,96,12.53,RU,2022-04-15 21:31:34
46,Tocopilla,-22.092,-70.1979,65.08,68,18,6.85,CL,2022-04-15 21:32:34
47,Waipawa,-41.4122,175.5153,61.03,66,12,23.67,NZ,2022-04-15 21:32:35
48,Clyde River,70.4692,-68.5914,-3.77,77,0,12.66,CA,2022-04-15 21:32:35
49,Kavieng,-2.5744,150.7967,82.67,78,51,9.93,PG,2022-04-15 21:32:35
50,Flinders,-34.5833,150.8552,60.39,91,96,3.0,AU,2022-04-15 21:32:36
51,Guiratinga,-16.3494,-53.7583,73.63,80,58,1.86,BR,2022-04-15 21:32:36
52,Acajutla,13.5928,-89.8275,86.86,61,59,9.78,SV,2022-04-15 21:32:36
53,Tucurui,-3.7661,-49.6725,76.06,94,94,3.85,BR,2022-04-15 21:32:37
54,Kaitangata,-46.2817,169.8464,51.62,72,79,16.93,NZ,2022-04-15 21:32:37
55,Pueblo Nuevo,23.3833,-105.3833,78.15,12,85,8.41,MX,2022-04-15 21:32:37
56,Cortez,37.3489,-108.5859,65.16,17,0,18.41,US,2022-04-15 21:32:38
57,Tasiilaq,65.6145,-37.6368,37.56,98,100,7.83,GL,2022-04-15 21:32:38
58,Waddan,29.1614,16.139,78.04,21,0,5.46,LY,2022-04-15 21:32:39
59,Gallup,35.5281,-108.7426,67.84,11,0,18.41,US,2022-04-15 21:32:39
60,Cape Town,-33.9258,18.4232,59.11,65,0,14.97,ZA,2022-04-15 21:32:40
61,Yulara,-25.2406,130.9889,71.44,37,43,5.75,AU,2022-04-15 21:32:40
62,Namikupa,-10.8333,39.6,70.97,99,63,2.48,TZ,2022-04-15 21:32:40
63,Pevek,69.7008,170.3133,14.02,89,29,2.53,RU,2022-04-15 21:32:41
64,Butaritari,3.0707,172.7902,81.14,74,67,8.59,KI,2022-04-15 21:32:41
65,Albany,42.6001,-73.9662,67.46,21,73,1.99,US,2022-04-15 21:29:37
66,Nanakuli,21.3906,-158.1547,82.35,57,100,12.66,US,2022-04-15 21:32:41
67,Tres Arroyos,-38.3739,-60.2798,57.51,61,0,8.14,AR,2022-04-15 21:32:42
68,Cidreira,-30.1811,-50.2056,63.97,66,42,7.94,BR,2022-04-15 21:32:42
69,Lavrentiya,65.5833,-171.0,29.66,94,100,17.67,RU,2022-04-15 21:32:42
70,Trinidad,-14.8333,-64.9,82.38,47,80,9.22,BO,2022-04-15 21:32:43
71,Srednekolymsk,67.45,153.6833,12.58,91,94,4.45,RU,2022-04-15 21:30:32
72,Walvis Bay,-22.9575,14.5053,58.15,82,0,2.3,NA,2022-04-15 21:32:43
73,Grand-Santi,4.25,-54.3833,74.08,97,100,1.52,GF,2022-04-15 21:32:44
74,Constantine,36.365,6.6147,53.01,93,75,3.44,DZ,2022-04-15 21:31:45
75,Colesberg,-30.72,25.0972,48.58,77,98,23.78,ZA,2022-04-15 21:32:44
76,Aguimes,27.9054,-15.4461,65.03,64,20,24.16,ES,2022-04-15 21:32:45
77,Salta,-24.7859,-65.4117,63.19,74,40,5.75,AR,2022-04-15 21:29:12
78,Manggar,-2.8833,108.2667,79.07,80,100,3.49,ID,2022-04-15 21:32:45
79,Kita,13.0349,-9.4895,93.43,14,64,4.54,ML,2022-04-15 21:32:45
80,San Andres,12.5847,-81.7006,86.02,66,20,14.97,CO,2022-04-15 21:32:46
81,Pisco,-13.7,-76.2167,69.85,73,0,21.85,PE,2022-04-15 21:32:46
82,Georgetown,5.4112,100.3354,80.55,89,40,3.44,MY,2022-04-15 21:31:49
83,Klaksvik,62.2266,-6.589,49.12,97,100,13.82,FO,2022-04-15 21:32:47
84,Kruisfontein,-34.0033,24.7314,54.88,73,100,6.49,ZA,2022-04-15 21:32:47
85,Murakami,38.2333,139.4833,48.09,94,100,4.34,JP,2022-04-15 21:32:48
86,Severo-Kurilsk,50.6789,156.125,31.6,78,71,2.04,RU,2022-04-15 21:32:48
87,Dikson,73.5069,80.5464,15.87,96,100,8.7,RU,2022-04-15 21:32:48
88,Arman,59.7,150.1667,21.76,70,100,6.08,RU,2022-04-15 21:32:49
89,Elko,41.0002,-115.5012,51.06,42,88,11.01,US,2022-04-15 21:32:49
90,San Cristobal,7.7669,-72.225,77.18,59,100,4.7,VE,2022-04-15 21:32:49
91,Sur,22.5667,59.5289,88.48,33,17,13.98,OM,2022-04-15 21:33:50
92,Khatanga,71.9667,102.5,17.91,83,100,13.09,RU,2022-04-15 21:33:50
93,Herat,34.5,62.0,60.6,41,83,15.75,AF,2022-04-15 21:32:23
94,Vostok,46.4856,135.8833,33.1,68,89,5.12,RU,2022-04-15 21:33:51
95,Mandal,25.45,74.5667,81.05,23,0,8.7,IN,2022-04-15 21:33:51
96,Narsaq,60.9167,-46.05,32.22,72,68,4.34,GL,2022-04-15 21:33:51
97,Mar Del Plata,-38.0023,-57.5575,63.09,85,0,20.0,AR,2022-04-15 21:33:14
98,Tiksi,71.6872,128.8694,-4.34,100,100,3.62,RU,2022-04-15 21:33:52
99,Egvekinot,66.3167,-179.1667,18.61,85,83,16.87,RU,2022-04-15 21:33:52
100,Provideniya,64.3833,-173.3,32.85,95,100,28.48,RU,2022-04-15 21:33:53
101,Dospat,41.65,24.1667,43.75,88,35,3.2,BG,2022-04-15 21:33:53
102,Dhidhdhoo,6.8833,73.1,84.11,72,35,9.01,MV,2022-04-15 21:33:53
103,Hithadhoo,-0.6,73.0833,82.63,67,73,2.91,MV,2022-04-15 21:33:54
104,Haines Junction,60.7522,-137.5108,37.35,30,2,6.91,CA,2022-04-15 21:29:07
105,Saint-Philippe,-21.3585,55.7679,74.79,87,49,14.14,RE,2022-04-15 21:33:54
106,Navrongo,10.8956,-1.0921,87.76,48,95,13.51,GH,2022-04-15 21:33:55
107,Kafue,-15.7691,28.1814,68.52,80,99,3.04,ZM,2022-04-15 21:33:55
108,Pelym,61.0108,61.9978,31.66,96,100,6.44,RU,2022-04-15 21:33:55
109,Filadelfia,39.9523,-75.1638,70.5,21,20,18.41,US,2022-04-15 21:32:42
110,Lompoc,34.6391,-120.4579,72.7,71,0,25.01,US,2022-04-15 21:33:56
111,Moranbah,-22.0016,148.0466,68.88,71,0,11.16,AU,2022-04-15 21:33:56
112,Avarua,-21.2078,-159.775,78.85,89,75,3.44,CK,2022-04-15 21:33:56
113,Petropavlovsk-Kamchatskiy,53.0452,158.6483,30.79,64,75,4.47,RU,2022-04-15 21:33:57
114,Upernavik,72.7868,-56.1549,-8.39,97,10,9.13,GL,2022-04-15 21:33:57
115,Kunya,12.2233,8.5325,83.8,41,41,9.95,NG,2022-04-15 21:33:57
116,Saint-Pierre,-21.3393,55.4781,74.88,79,0,6.91,RE,2022-04-15 21:32:37
117,Hasaki,35.7333,140.8333,46.8,86,100,33.17,JP,2022-04-15 21:33:58
118,Palana,59.1167,159.9667,23.0,90,98,13.04,RU,2022-04-15 21:33:58
119,Sitka,57.0531,-135.33,44.49,57,20,8.05,US,2022-04-15 21:33:59
120,Satka,55.0425,59.04,38.48,94,100,11.23,RU,2022-04-15 21:33:59
121,Bad Aibling,47.8638,12.0106,53.28,77,64,3.42,DE,2022-04-15 21:33:59
122,Avera,33.194,-82.5271,78.55,43,10,8.46,US,2022-04-15 21:34:00
123,Toyooka,35.5333,134.8333,46.94,83,100,12.21,JP,2022-04-15 21:34:00
124,Komsomolskiy,40.4272,71.7189,63.32,48,2,9.22,UZ,2022-04-15 21:34:00
125,Taperoa,-7.2075,-36.8267,79.16,59,94,6.87,BR,2022-04-15 21:34:01
126,Dudinka,69.4058,86.1778,25.63,95,29,12.73,RU,2022-04-15 21:34:01
127,Bengkulu,-3.8004,102.2655,76.71,89,100,3.74,ID,2022-04-15 21:34:02
128,Puerto Ayora,-0.7393,-90.3518,78.76,82,90,10.4,EC,2022-04-15 21:34:02
129,Cloquet,46.7216,-92.4594,28.62,56,100,12.66,US,2022-04-15 21:34:02
130,Parfino,57.9731,31.6481,34.93,92,94,7.7,RU,2022-04-15 21:34:03
131,Erzurum,40.0,41.5,21.49,90,36,1.57,TR,2022-04-15 21:34:03
132,Kokopo,-4.352,152.2633,80.35,77,59,2.46,PG,2022-04-15 21:34:04
133,Hoi An,15.8794,108.335,80.56,96,44,4.61,VN,2022-04-15 21:34:04
134,Westport,41.1415,-73.3579,68.34,33,0,16.11,US,2022-04-15 21:34:04
135,Kharan,28.5833,65.4167,79.21,12,7,5.66,PK,2022-04-15 21:34:05
136,La Seyne-Sur-Mer,43.0982,5.8847,65.88,75,6,1.43,FR,2022-04-15 21:34:05
137,Victoria,22.2855,114.1577,73.33,78,98,18.01,HK,2022-04-15 21:30:22
138,Lebu,-37.6167,-73.65,55.67,83,17,12.88,CL,2022-04-15 21:35:06
139,Muncar,-8.4333,114.3333,76.24,93,75,2.8,ID,2022-04-15 21:35:06
140,East London,-33.0153,27.9116,62.04,64,100,12.55,ZA,2022-04-15 21:33:11
141,Cabo San Lucas,22.8909,-109.9124,86.61,32,40,6.91,MX,2022-04-15 21:32:13
142,Saskylakh,71.9167,114.0833,-13.81,100,94,6.62,RU,2022-04-15 21:35:07
143,Bambous Virieux,-20.3428,57.7575,77.25,78,75,14.97,MU,2022-04-15 21:35:07
144,Saint-Leu,-21.15,55.2833,74.26,76,64,4.79,RE,2022-04-15 21:35:07
145,Khandyga,62.6667,135.6,8.73,83,22,3.22,RU,2022-04-15 21:35:08
146,Ballachulish,56.6774,-5.1308,52.41,91,100,3.51,GB,2022-04-15 21:35:08
147,Lixourion,38.2019,20.4314,60.71,63,100,3.09,GR,2022-04-15 21:35:08
148,Cayenne,4.9333,-52.3333,82.09,1,20,8.05,GF,2022-04-15 21:35:09
149,Roebourne,-20.7833,117.1333,83.28,66,64,3.94,AU,2022-04-15 21:31:03
150,Gravdal,68.1214,13.5031,38.75,75,100,16.89,NO,2022-04-15 21:35:09
151,Sisimiut,66.9395,-53.6735,16.02,69,4,10.92,GL,2022-04-15 21:35:10
152,Huilong,31.8111,121.655,52.93,63,99,9.93,CN,2022-04-15 21:35:10
153,Kavos,38.8268,22.8322,61.21,64,100,2.01,GR,2022-04-15 21:35:11
154,Camacha,33.0833,-16.3333,58.42,88,20,12.66,PT,2022-04-15 21:31:37
155,Isangel,-19.55,169.2667,82.51,78,63,5.75,VU,2022-04-15 21:35:11
156,Biak,-0.9131,122.8766,76.84,83,97,2.57,ID,2022-04-15 21:35:11
157,Kahului,20.8947,-156.47,82.42,66,40,24.16,US,2022-04-15 21:34:45
158,Ponta Do Sol,32.6667,-17.1,67.01,65,100,3.33,PT,2022-04-15 21:35:12
159,Sao Felix Do Xingu,-6.6447,-51.995,74.05,96,99,1.14,BR,2022-04-15 21:35:12
160,Apricena,41.7839,15.4437,53.42,74,97,2.95,IT,2022-04-15 21:35:13
161,Thap Khlo,16.16,100.5966,84.83,55,24,6.6,TH,2022-04-15 21:35:13
162,Aguada De Pasajeros,22.385,-80.8508,81.05,68,72,2.66,CU,2022-04-15 21:35:13
163,Mandurah,-32.55,115.7,61.57,79,30,11.41,AU,2022-04-15 21:35:14
164,Sorong,-0.8833,131.25,80.1,84,100,8.43,ID,2022-04-15 21:35:14
165,Rzhev,56.2624,34.3282,34.95,96,100,10.31,RU,2022-04-15 21:35:14
166,Carnarvon,-24.8667,113.6333,69.87,83,46,5.75,AU,2022-04-15 21:35:15
167,New Norfolk,-42.7826,147.0587,51.71,67,95,1.92,AU,2022-04-15 21:35:15
168,Arraial Do Cabo,-22.9661,-42.0278,73.26,64,20,19.57,BR,2022-04-15 21:35:16
169,Izumo,35.3667,132.7667,49.95,62,75,13.8,JP,2022-04-15 21:35:16
170,Nuuk,64.1835,-51.7216,20.88,62,28,25.99,GL,2022-04-15 21:35:16
171,Dunedin,-45.8742,170.5036,57.79,75,79,17.0,NZ,2022-04-15 21:34:25
172,Mamu Kanjan,30.8333,72.8,78.67,22,0,6.6,PK,2022-04-15 21:35:17
173,Corowa,-36.0333,146.3833,56.01,68,9,4.27,AU,2022-04-15 21:35:17
174,Katsuura,35.1333,140.3,50.02,86,100,26.17,JP,2022-04-15 21:35:18
175,Okmulgee,35.6234,-95.9605,80.46,53,75,10.36,US,2022-04-15 21:35:18
176,Kongolo,-5.3833,27.0,69.19,99,100,2.93,CD,2022-04-15 21:35:18
177,Dukat,62.55,155.55,10.11,93,98,4.63,RU,2022-04-15 21:35:19
178,Kodiak,57.79,-152.4072,40.51,87,100,9.22,US,2022-04-15 21:35:19
179,Roma,43.2128,-75.4557,59.95,45,100,7.0,US,2022-04-15 21:35:19
180,Nanjing,32.0617,118.7778,51.71,60,100,5.41,CN,2022-04-15 21:35:20
181,Saint-Joseph,-21.3667,55.6167,73.78,83,36,13.4,RE,2022-04-15 21:35:20
182,La Ronge,55.1001,-105.2842,28.62,31,75,3.44,CA,2022-04-15 21:30:21
183,Hilo,19.7297,-155.09,82.27,85,100,4.0,US,2022-04-15 21:36:21
184,Esperance,-33.8667,121.9,55.24,79,39,10.25,AU,2022-04-15 21:36:21
185,Timizart,36.8,4.2667,54.27,97,100,2.62,DZ,2022-04-15 21:36:21
186,Boa Vista,2.8197,-60.6733,78.78,83,75,5.75,BR,2022-04-15 21:35:42
187,Alekseyevka,50.6309,38.6903,48.51,70,66,5.95,RU,2022-04-15 21:36:22
188,Ribeira Grande,38.5167,-28.7,60.37,69,100,11.43,PT,2022-04-15 21:36:22
189,Yantal,56.8471,105.2542,33.51,98,100,2.3,RU,2022-04-15 21:32:41
190,Urengoy,65.9667,78.3667,26.02,94,100,1.99,RU,2022-04-15 21:36:23
191,Voznesenye,61.0106,35.4781,29.52,88,100,10.42,RU,2022-04-15 21:36:23
192,Japura,-0.3167,102.35,74.25,98,100,2.19,ID,2022-04-15 21:36:24
193,Sola,-13.8833,167.55,83.07,84,40,0.0,VU,2022-04-15 21:36:24
194,Acapulco,16.8634,-99.8901,85.82,66,40,11.5,MX,2022-04-15 21:36:24
195,Breves,-1.6822,-50.4803,75.45,95,100,2.91,BR,2022-04-15 21:36:25
196,Bhimunipatnam,17.8833,83.4333,83.71,81,98,11.1,IN,2022-04-15 21:36:25
197,Buraydah,26.326,43.975,79.25,41,59,14.14,SA,2022-04-15 21:36:25
198,Chuy,-33.6971,-53.4616,62.53,74,65,7.18,UY,2022-04-15 21:36:26
199,Sheltozero,61.3667,35.3667,27.39,89,81,8.75,RU,2022-04-15 21:36:26
200,Alice Springs,-23.7,133.8833,69.22,32,20,0.0,AU,2022-04-15 21:36:24
201,Huarmey,-10.0681,-78.1522,70.21,76,20,12.82,PE,2022-04-15 21:32:39
202,Sao Joao Da Barra,-21.6403,-41.0511,73.49,62,97,20.74,BR,2022-04-15 21:36:27
203,Warmbad,-28.45,18.7333,63.45,28,0,4.9,NA,2022-04-15 21:36:27
204,Marsa Matruh,31.3525,27.2453,59.2,82,0,4.61,EG,2022-04-15 21:33:01
205,Cockburn Town,21.4612,-71.1419,77.56,80,20,22.79,TC,2022-04-15 21:36:28
206,Dingle,10.9995,122.6711,75.81,89,89,2.93,PH,2022-04-15 21:36:28
207,Boyolangu,-8.1181,111.8935,74.53,90,68,0.63,ID,2022-04-15 21:36:28
208,Catemaco,18.4167,-95.1167,90.88,47,27,6.35,MX,2022-04-15 21:36:29
209,Dzaoudzi,-12.7887,45.2699,82.29,89,20,4.61,YT,2022-04-15 21:36:29
210,Amapa,1.0,-52.0,73.76,97,100,2.28,BR,2022-04-15 21:36:30
211,Aguililla,18.7333,-102.7333,92.05,25,100,2.04,MX,2022-04-15 21:36:30
212,Ketchikan,55.3422,-131.6461,46.87,36,0,9.22,US,2022-04-15 21:36:30
213,Rio Brilhante,-21.8019,-54.5464,67.93,78,0,7.0,BR,2022-04-15 21:36:31
214,Kirkwall,58.9848,-2.9587,46.45,93,100,14.97,GB,2022-04-15 21:36:31
215,Santander,43.4647,-3.8044,59.31,93,100,1.99,ES,2022-04-15 21:36:32
216,Grafton,42.207,-71.6856,66.61,20,0,14.97,US,2022-04-15 21:32:06
217,Itapetininga,-23.5917,-48.0531,57.29,73,0,11.03,BR,2022-04-15 21:36:32
218,Alofi,-19.0595,-169.9187,84.09,74,57,4.61,NU,2022-04-15 21:36:32
219,Mezen,65.8522,44.24,20.73,97,22,3.49,RU,2022-04-15 21:36:33
220,Khani,41.9563,42.9566,33.37,84,16,4.45,GE,2022-04-15 21:36:33
221,Sergeyevka,53.88,67.4158,56.23,57,100,9.17,KZ,2022-04-15 21:36:34
222,Hay River,60.8156,-115.7999,21.16,68,75,10.36,CA,2022-04-15 21:36:34
223,Phan Thiet,10.9333,108.1,78.87,88,71,4.0,VN,2022-04-15 21:36:34
224,Lorengau,-2.0226,147.2712,83.1,74,63,5.23,PG,2022-04-15 21:36:35
225,Pangnirtung,66.1451,-65.7125,-0.4,71,0,4.61,CA,2022-04-15 21:37:35
226,Liverpool,53.4106,-2.9779,54.61,83,0,2.3,GB,2022-04-15 21:35:42
227,Kayiry,46.9454,33.7059,46.31,84,56,9.01,UA,2022-04-15 21:37:36
228,Mnogovershinnyy,53.9353,139.9242,29.71,79,100,3.65,RU,2022-04-15 21:37:36
229,Gazanjyk,39.2446,55.5154,57.11,51,99,9.46,TM,2022-04-15 21:37:36
230,Beringovskiy,63.05,179.3167,30.79,97,100,21.94,RU,2022-04-15 21:37:37
231,Bogdanovich,56.7803,62.0494,41.43,90,5,10.85,RU,2022-04-15 21:37:37
232,Serpa,37.9458,-7.5975,66.16,65,62,5.59,PT,2022-04-15 21:35:37
233,Thompson,55.7435,-97.8558,24.96,39,100,13.8,CA,2022-04-15 21:35:24
234,Comodoro Rivadavia,-45.8667,-67.5,71.46,33,0,23.02,AR,2022-04-15 21:37:38
235,Marsh Harbour,26.5412,-77.0636,70.11,86,100,15.3,BS,2022-04-15 21:35:31
236,Kuusamo,65.9667,29.1833,30.24,69,0,6.91,FI,2022-04-15 21:37:38
237,Saint-Augustin,51.226,-58.6502,32.32,94,100,4.29,CA,2022-04-15 21:37:38
238,Chokurdakh,70.6333,147.9167,9.63,93,100,4.74,RU,2022-04-15 21:37:39
239,Harbour Breton,47.4833,-55.7983,38.89,74,13,7.87,CA,2022-04-15 21:37:39
240,Port Lincoln,-34.7333,135.8667,65.88,81,0,7.0,AU,2022-04-15 21:37:40
241,Richards Bay,-28.783,32.0377,68.63,88,100,18.25,ZA,2022-04-15 21:37:40
242,Marzuq,14.4,46.4667,69.1,36,1,6.26,YE,2022-04-15 21:37:40
243,Balsas,-7.5325,-46.0356,79.66,76,94,2.66,BR,2022-04-15 21:37:41
244,Nara,34.6851,135.8049,52.5,47,99,12.03,JP,2022-04-15 21:37:41
245,Ust-Karsk,52.7011,118.8077,27.84,50,9,3.13,RU,2022-04-15 21:37:41
246,Faya,18.3851,42.4509,66.31,38,91,5.57,SA,2022-04-15 21:37:42
247,Alihe,50.5667,123.7167,32.22,58,14,10.49,CN,2022-04-15 21:37:42
248,Bernardino De Campos,-23.0131,-49.4742,58.98,77,0,4.05,BR,2022-04-15 21:37:43
249,Soyo,-6.1349,12.3689,78.26,88,100,2.04,AO,2022-04-15 21:37:43
250,General Jose Eduvigis Diaz,-27.1667,-58.4167,68.04,77,0,4.74,PY,2022-04-15 21:37:43
251,Aykhal,66.0,111.5,-7.04,100,100,5.86,RU,2022-04-15 21:37:44
252,Te Anau,-45.4167,167.7167,53.49,62,59,8.5,NZ,2022-04-15 21:37:44
253,Ballina,-28.8667,153.5667,63.79,95,75,9.22,AU,2022-04-15 21:37:44
254,Ancud,-41.8697,-73.8203,60.22,84,41,5.1,CL,2022-04-15 21:34:51
255,Biharamulo,-2.6319,31.3089,60.75,96,98,1.3,TZ,2022-04-15 21:37:45
256,Nanortalik,60.1432,-45.2371,26.94,72,89,6.85,GL,2022-04-15 21:37:45
257,Dichiseni,44.2333,27.5333,59.02,33,37,7.63,RO,2022-04-15 21:37:46
258,Inhambane,-23.865,35.3833,75.81,92,94,2.08,MZ,2022-04-15 21:37:46
259,Mahebourg,-20.4081,57.7,77.29,78,75,14.97,MU,2022-04-15 21:37:46
260,Yarmouth,41.7057,-70.2286,64.87,51,0,25.32,US,2022-04-15 21:37:47
261,Olinda,-8.0089,-34.8553,83.93,74,0,8.05,BR,2022-04-15 21:37:47
262,Berlevag,70.8578,29.0864,35.4,97,100,27.36,NO,2022-04-15 21:37:47
263,Longyearbyen,78.2186,15.6401,26.44,86,100,11.5,SJ,2022-04-15 21:37:48
264,Cascais,38.6979,-9.4215,63.75,68,16,15.01,PT,2022-04-15 21:37:04
265,Kashan,33.9831,51.4364,66.13,51,1,4.72,IR,2022-04-15 21:37:48
266,Mahon,39.8885,4.2658,54.16,100,0,3.44,ES,2022-04-15 21:34:28
267,Virginia Beach,36.8529,-75.978,68.02,31,0,13.8,US,2022-04-15 21:37:49
268,Pauini,-7.7136,-66.9764,77.32,90,87,2.57,BR,2022-04-15 21:37:49
269,Naze,28.3667,129.4833,63.52,64,99,21.0,JP,2022-04-15 21:37:49
270,Berdigestyakh,62.0989,126.6992,20.97,96,100,3.91,RU,2022-04-15 21:37:50
271,Codrington,-38.2667,141.9667,58.96,91,44,4.21,AU,2022-04-15 21:38:50
272,Frontera,26.9333,-101.45,92.32,30,75,10.36,MX,2022-04-15 21:35:07
273,Peniche,39.3558,-9.3811,59.29,90,79,12.35,PT,2022-04-15 21:38:51
274,Yarada,17.65,83.2667,84.52,84,75,5.75,IN,2022-04-15 21:38:51
275,Tharad,24.3961,71.6267,79.34,65,0,11.36,IN,2022-04-15 21:38:51
276,Kijang,35.2442,129.2139,44.33,57,90,8.39,KR,2022-04-15 21:38:52
277,Abu Dhabi,24.4667,54.3667,86.11,68,0,2.3,AE,2022-04-15 21:38:52
278,Katangli,51.7102,143.2326,28.45,77,47,6.73,RU,2022-04-15 21:38:52
279,Sakakah,29.9697,40.2064,69.37,20,2,8.66,SA,2022-04-15 21:38:53
280,Tuatapere,-46.1333,167.6833,52.92,65,44,17.65,NZ,2022-04-15 21:38:53
281,Namanga,-2.5433,36.7905,65.64,86,100,3.67,KE,2022-04-15 21:38:54
282,Bethel,41.3712,-73.414,68.85,25,0,12.66,US,2022-04-15 21:38:54
283,Rocha,-34.4833,-54.3333,60.01,86,77,5.17,UY,2022-04-15 21:38:54
284,Souillac,-20.5167,57.5167,77.38,78,75,14.97,MU,2022-04-15 21:38:55
285,Aljezur,37.3191,-8.8033,60.75,76,9,5.91,PT,2022-04-15 21:38:55
286,Cherskiy,68.75,161.3,14.49,94,98,2.64,RU,2022-04-15 21:38:56
287,Sosnovo,60.5514,30.2144,35.26,93,98,10.74,RU,2022-04-15 21:38:56
288,Mehamn,71.0357,27.8492,35.89,98,100,26.33,NO,2022-04-15 21:38:56
289,Coquimbo,-29.9533,-71.3436,62.33,63,20,12.66,CL,2022-04-15 21:38:57
290,Chapleau,47.8405,-83.4034,28.49,50,75,14.97,CA,2022-04-15 21:38:57
291,Geraldton,-28.7667,114.6,59.41,94,0,4.61,AU,2022-04-15 21:38:57
292,Leningradskiy,69.3833,178.4167,12.33,89,100,10.13,RU,2022-04-15 21:38:58
293,Zambezi,-13.5432,23.1047,66.2,93,100,3.8,ZM,2022-04-15 21:38:58
294,Banikoara,11.2985,2.4386,78.94,68,100,10.47,BJ,2022-04-15 21:38:58
295,Teya,60.3778,92.6267,33.8,99,100,2.42,RU,2022-04-15 21:38:59
296,Talnakh,69.4865,88.3972,24.94,95,92,7.36,RU,2022-04-15 21:38:59
297,Bonavista,48.6499,-53.1147,32.68,79,41,15.75,CA,2022-04-15 21:38:59
298,Ascension,30.2169,-90.9001,80.6,76,100,9.22,US,2022-04-15 21:39:00
299,Cam Ranh,11.9214,109.1591,78.76,94,40,1.14,VN,2022-04-15 21:39:00
300,Massaguet,12.4755,15.4365,89.71,32,59,9.35,TD,2022-04-15 21:39:01
301,Tamala,52.541,43.2515,43.2,70,90,1.88,RU,2022-04-15 21:39:01
302,Atasu,48.6814,71.6433,53.89,26,33,10.33,KZ,2022-04-15 21:39:01
303,Taungdwingyi,20.0167,95.55,81.75,65,16,7.05,MM,2022-04-15 21:39:02
304,Osypenko,46.9136,36.8253,46.72,93,78,7.81,UA,2022-04-15 21:39:02
305,Port Macquarie,-31.4333,152.9167,59.9,76,76,5.73,AU,2022-04-15 21:39:03
306,Fangshan,39.6983,115.9925,50.72,13,1,5.03,CN,2022-04-15 21:39:03
307,Cabedelo,-6.9811,-34.8339,83.07,80,6,10.25,BR,2022-04-15 21:39:03
308,Russell,32.3502,-85.1999,81.68,24,0,0.0,US,2022-04-15 21:39:04
309,Vanimo,-2.6741,141.3028,79.38,85,57,4.56,PG,2022-04-15 21:39:04
310,Axim,4.8699,-2.2405,80.2,83,50,8.3,GH,2022-04-15 21:39:04
311,Laguna,38.421,-121.4238,72.32,46,0,10.36,US,2022-04-15 21:39:05
312,Moissala,8.3404,17.7663,84.94,37,62,4.72,TD,2022-04-15 21:39:05
313,Davila,18.4726,120.5763,73.38,79,85,18.03,PH,2022-04-15 21:39:05
314,Kayan,16.9056,96.5631,78.94,78,1,3.06,MM,2022-04-15 21:39:06
315,Caravelas,-17.7125,-39.2481,75.7,83,100,14.83,BR,2022-04-15 21:39:06
316,Bathsheba,13.2167,-59.5167,83.01,69,20,19.57,BB,2022-04-15 21:39:06
317,Half Moon Bay,37.4636,-122.4286,72.41,60,0,16.11,US,2022-04-15 21:38:33
318,Mardin,37.3131,40.7436,47.19,49,82,8.39,TR,2022-04-15 21:40:07
319,Umea,63.8284,20.2597,28.9,93,0,3.44,SE,2022-04-15 21:40:07
320,Anchorage,61.2181,-149.9003,44.65,53,75,8.05,US,2022-04-15 21:40:08
321,Jining,35.405,116.5814,44.55,24,100,3.22,CN,2022-04-15 21:40:08
322,Torbay,47.6666,-52.7314,43.57,52,40,10.36,CA,2022-04-15 21:38:30
323,Santa Cruz De Tenerife,28.4682,-16.2546,67.91,60,1,16.2,ES,2022-04-15 21:40:09
324,Itarema,-2.9248,-39.9167,78.75,82,74,6.67,BR,2022-04-15 21:40:09
325,Namatanai,-3.6667,152.4333,81.99,77,37,5.26,PG,2022-04-15 21:40:09
326,Plattsburgh,44.6995,-73.4529,59.22,31,75,17.85,US,2022-04-15 21:40:10
327,Ust-Kut,56.7938,105.7672,34.12,99,100,1.72,RU,2022-04-15 21:40:10
328,Trairi,-3.2778,-39.2689,78.46,82,51,5.1,BR,2022-04-15 21:40:11
329,Yelizavetinskaya,45.0445,38.7958,41.09,92,19,3.53,RU,2022-04-15 21:40:11
330,Medvedka,61.1629,46.387,25.83,91,86,7.99,RU,2022-04-15 21:40:11
331,Kupino,54.3663,77.2981,48.09,50,22,9.78,RU,2022-04-15 21:40:12
332,Meulaboh,4.1363,96.1285,76.91,88,78,3.15,ID,2022-04-15 21:40:12
333,Grand Gaube,-20.0064,57.6608,77.4,86,26,5.99,MU,2022-04-15 21:40:12
334,Weston,26.1004,-80.3998,80.62,81,41,5.01,US,2022-04-15 21:40:13
335,Polovinnoye,54.7914,65.9864,53.19,61,100,9.69,RU,2022-04-15 21:40:13
336,Puerto Lleras,3.0223,-73.4044,79.79,84,97,3.51,CO,2022-04-15 21:40:14
337,Rafai,4.95,23.9167,68.94,98,92,2.19,CF,2022-04-15 21:40:14
338,Matadi,-5.8167,13.45,75.7,94,100,1.88,CD,2022-04-15 21:40:14
339,Lerwick,60.1545,-1.1494,46.4,90,63,21.81,GB,2022-04-15 21:40:15
340,Coron,11.9986,120.2043,75.92,88,91,2.89,PH,2022-04-15 21:40:15
341,Asfi,32.2994,-9.2372,65.61,66,3,19.82,MA,2022-04-15 21:40:16
342,Coihaique,-45.5752,-72.0662,57.81,82,75,4.61,CL,2022-04-15 21:40:16
343,Minab,27.1467,57.0801,85.64,32,94,2.35,IR,2022-04-15 21:40:16
344,Constitucion,-35.3333,-72.4167,55.62,81,1,8.95,CL,2022-04-15 21:40:17
345,West Wendover,40.7391,-114.0733,54.61,38,20,17.27,US,2022-04-15 21:35:47
346,Muisne,0.6,-80.0333,77.92,83,98,8.5,EC,2022-04-15 21:40:17
347,Hambantota,6.1241,81.1185,77.34,100,18,2.3,LK,2022-04-15 21:40:17
348,Anzio,41.4853,12.6179,64.31,62,84,5.32,IT,2022-04-15 21:40:18
349,Erdenet,49.0333,104.0833,29.35,65,2,4.34,MN,2022-04-15 21:40:18
350,Nyurba,63.2842,118.3319,14.77,95,100,5.21,RU,2022-04-15 21:40:19
351,Tazovskiy,67.4667,78.7,17.85,95,100,7.2,RU,2022-04-15 21:40:19
352,Ambilobe,-13.2,49.05,75.06,82,63,4.47,MG,2022-04-15 21:40:19
353,Batemans Bay,-35.7167,150.1833,61.11,69,98,3.15,AU,2022-04-15 21:40:20
354,Havoysund,70.9963,24.6622,39.43,90,100,26.24,NO,2022-04-15 21:40:20
355,Yar-Sale,66.8333,70.8333,15.66,87,100,6.51,RU,2022-04-15 21:40:20
356,Adrar,20.5022,-10.0711,81.66,12,16,5.06,MR,2022-04-15 21:40:21
357,Fairbanks,64.8378,-147.7164,37.09,37,0,16.11,US,2022-04-15 21:40:11
358,Staicele,57.8364,24.75,33.91,77,32,9.48,LV,2022-04-15 21:40:21
359,Mogadishu,2.0371,45.3438,81.73,77,62,9.06,SO,2022-04-15 21:40:22
360,Port Augusta,-32.5,137.7667,68.05,44,0,1.9,AU,2022-04-15 21:40:22
361,Luderitz,-26.6481,15.1594,57.99,71,0,16.37,NA,2022-04-15 21:40:22
362,Lokosovo,61.1333,74.8167,42.94,83,100,10.74,RU,2022-04-15 21:40:23
363,Broken Hill,-31.95,141.4333,58.71,58,1,3.44,AU,2022-04-15 21:40:23
364,Vicuna,-30.0319,-70.7081,74.77,56,0,5.32,CL,2022-04-15 21:40:23
365,Tezu,27.9167,96.1667,62.51,89,100,7.47,IN,2022-04-15 21:41:24
366,College,64.8569,-147.8028,37.08,36,40,16.11,US,2022-04-15 21:41:24
367,Quatre Cocos,-20.2078,57.7625,77.11,82,47,18.59,MU,2022-04-15 21:41:24
368,Maniitsoq,65.4167,-52.9,24.1,60,98,9.42,GL,2022-04-15 21:41:25
369,Komatipoort,-25.4332,31.9548,68.86,89,100,12.8,ZA,2022-04-15 21:41:25
370,Cabadiangan,9.7531,122.4739,77.32,84,35,2.19,PH,2022-04-15 21:41:25
371,Presidencia Roque Saenz Pena,-26.7852,-60.4388,60.53,64,0,6.22,AR,2022-04-15 21:41:26
372,Rio Gallegos,-51.6226,-69.2181,51.85,76,40,18.41,AR,2022-04-15 21:41:26
373,Muros,42.7762,-9.0603,56.84,83,24,3.78,ES,2022-04-15 21:41:27
374,Lazurne,46.084,32.5295,47.3,86,8,12.68,UA,2022-04-15 21:41:27
375,Ust-Ilimsk,58.0006,102.6619,27.73,97,84,3.53,RU,2022-04-15 21:41:27
376,Kultuk,51.7208,103.6956,31.86,83,99,6.6,RU,2022-04-15 21:41:28
377,Ambon,-3.6954,128.1814,77.14,88,20,9.22,ID,2022-04-15 21:41:28
378,Zeya,53.75,127.2667,28.44,76,100,3.89,RU,2022-04-15 21:41:29
379,Mae Hong Son,19.3003,97.9685,75.22,70,6,1.28,TH,2022-04-15 21:41:29
380,Villazon,-22.0866,-65.5942,59.67,8,0,11.79,BO,2022-04-15 21:41:29
381,San Patricio,28.017,-97.5169,84.15,59,70,16.69,US,2022-04-15 21:41:30
382,Beckum,51.75,8.0333,47.61,78,94,5.41,DE,2022-04-15 21:41:30
383,Turayf,31.6725,38.6637,62.85,25,0,11.5,SA,2022-04-15 21:41:30
384,Coahuayana,18.7333,-103.6833,87.12,45,100,6.96,MX,2022-04-15 21:41:31
385,Malpe,13.35,74.7167,79.9,83,56,3.42,IN,2022-04-15 21:41:31
386,Moura,38.1401,-7.4486,66.31,63,77,5.39,PT,2022-04-15 21:41:31
387,Khor,47.8861,134.9464,42.51,49,100,9.51,RU,2022-04-15 21:41:32
388,Cabo Rojo,18.0866,-67.1457,81.9,79,42,5.01,PR,2022-04-15 21:41:32
389,Broome,42.2506,-75.833,64.69,27,100,19.57,US,2022-04-15 21:41:32
390,Daru,-9.0763,143.2092,75.72,96,100,10.29,PG,2022-04-15 21:41:33
391,Kampene,-3.6,26.6667,67.6,98,100,0.74,CD,2022-04-15 21:41:33
392,Olafsvik,64.8945,-23.7142,45.82,86,100,30.85,IS,2022-04-15 21:41:33
393,Araouane,18.9048,-3.5265,81.66,12,0,11.32,ML,2022-04-15 21:41:34
394,Gillette,44.2911,-105.5022,27.1,67,100,11.5,US,2022-04-15 21:38:21
395,Kameno,42.5667,27.3,51.03,81,4,9.22,BG,2022-04-15 21:41:34
396,Poya,-21.35,165.15,76.82,75,32,4.74,NC,2022-04-15 21:41:35
397,Vila Franca Do Campo,37.7167,-25.4333,63.01,89,27,6.78,PT,2022-04-15 21:41:35
398,Viedma,-40.8135,-62.9967,67.8,39,0,14.47,AR,2022-04-15 21:41:36
399,Cartagena,10.3997,-75.5144,87.42,70,40,13.8,CO,2022-04-15 21:38:58
400,Holetown,13.1867,-59.6381,82.96,78,89,18.79,BB,2022-04-15 21:41:36
401,Luxor,25.6989,32.6421,77.05,19,0,6.91,EG,2022-04-15 21:41:36
402,Melfi,40.9965,15.6514,52.48,83,89,2.55,IT,2022-04-15 21:41:37
403,Hovd,48.0056,91.6419,30.87,34,0,6.51,MN,2022-04-15 21:41:37
404,Lethem,3.3803,-59.7968,80.65,69,40,13.8,GY,2022-04-15 21:41:38
405,Ugoofaaru,5.6667,73.0,83.89,74,54,10.0,MV,2022-04-15 21:41:38
406,Ajaccio,42.0,8.9167,57.25,82,0,3.44,FR,2022-04-15 21:37:48
407,Bol,13.4586,14.7147,86.27,40,98,4.36,TD,2022-04-15 21:41:38
408,Vilsbiburg,48.45,12.35,48.18,80,4,5.41,DE,2022-04-15 21:41:39
409,Igrim,63.1906,64.4162,27.84,94,100,13.0,RU,2022-04-15 21:41:39
410,Iqaluit,63.7506,-68.5145,8.33,71,20,15.01,CA,2022-04-15 21:41:39
411,Ngunguru,-35.6167,174.5,62.67,74,99,4.12,NZ,2022-04-15 21:41:40
412,Kalmunai,7.4167,81.8167,79.14,89,10,10.74,LK,2022-04-15 21:41:40
413,Genhe,50.7833,121.5167,26.96,69,30,6.49,CN,2022-04-15 21:42:41
414,Codo,-4.4553,-43.8856,75.24,97,74,3.22,BR,2022-04-15 21:42:41
415,Leh,34.1667,77.5833,34.84,55,99,5.44,IN,2022-04-15 21:42:41
416,Los Llanos De Aridane,28.6585,-17.9182,60.55,89,0,12.66,ES,2022-04-15 21:42:42
417,Labuhan,-6.8844,112.2051,77.22,88,97,5.17,ID,2022-04-15 21:42:42
418,Verkhoyansk,67.5447,133.385,2.64,98,97,2.44,RU,2022-04-15 21:42:42
419,Shieli,44.1667,66.75,66.45,22,82,4.25,KZ,2022-04-15 21:42:43
420,Goderich,43.7501,-81.7165,46.9,65,100,18.41,CA,2022-04-15 21:42:43
421,Viransehir,37.2353,39.7631,52.9,45,68,8.7,TR,2022-04-15 21:42:43
422,Channel-Port Aux Basques,47.5702,-59.1367,36.73,81,100,18.5,CA,2022-04-15 21:38:30
423,Palmer,42.1584,-72.3287,66.42,19,40,14.97,US,2022-04-15 21:42:44
424,Touros,-5.1989,-35.4608,80.1,82,21,9.64,BR,2022-04-15 21:42:34
425,Mayo,38.8876,-76.5119,72.72,31,0,19.57,US,2022-04-15 21:42:44
426,Vao,-22.6667,167.4833,75.4,79,87,8.75,NC,2022-04-15 21:42:45
427,Norman Wells,65.282,-126.8329,12.24,52,75,13.8,CA,2022-04-15 21:42:45
428,Taft,31.7471,54.2088,60.75,52,15,13.8,IR,2022-04-15 21:42:45
429,Hamilton,39.1834,-84.5333,71.55,19,0,20.71,US,2022-04-15 21:42:23
430,Fuerte Olimpo,-21.0415,-57.8738,71.98,46,0,5.84,PY,2022-04-15 21:42:46
431,Chenzhou,25.8,113.0333,52.9,98,100,4.63,CN,2022-04-15 21:42:46
432,Birin,26.8865,88.0718,62.11,32,21,6.38,NP,2022-04-15 21:42:47
433,Sokolo,14.7328,-6.1219,91.62,21,97,7.58,ML,2022-04-15 21:42:47
434,Hobyo,5.3505,48.5268,82.53,72,91,12.55,SO,2022-04-15 21:42:47
435,Kasama,-10.2129,31.1808,61.12,97,65,3.47,ZM,2022-04-15 21:42:48
436,Faanui,-16.4833,-151.75,82.04,71,7,18.43,PF,2022-04-15 21:42:48
437,Patnos,39.2336,42.8634,34.14,70,80,2.71,TR,2022-04-15 21:42:48
438,Lufilufi,-13.8745,-171.5986,89.38,75,33,13.35,WS,2022-04-15 21:42:49
439,Safaga,26.7292,33.9365,76.35,33,0,13.51,EG,2022-04-15 21:42:49
440,Iralaya,15.0,-83.2333,82.8,66,100,9.95,HN,2022-04-15 21:42:49
441,Scarborough,54.2797,-0.4044,48.9,88,100,14.0,GB,2022-04-15 21:42:00
442,Sabha,27.0377,14.4283,77.09,17,0,7.83,LY,2022-04-15 21:42:50
443,Bilma,18.6853,12.9164,87.58,7,76,1.43,NE,2022-04-15 21:42:50
444,Waynesboro,38.0685,-78.8895,70.99,16,0,14.97,US,2022-04-15 21:42:51
445,Amahai,-3.3333,128.9167,78.19,78,98,4.76,ID,2022-04-15 21:42:51
446,Bubaque,11.2833,-15.8333,74.53,74,6,19.13,GW,2022-04-15 21:42:52
447,Evensk,61.95,159.2333,25.56,83,99,4.52,RU,2022-04-15 21:42:52
448,Leiyang,26.4024,112.8591,53.11,97,100,7.29,CN,2022-04-15 21:42:52
449,Kirakira,-10.4544,161.9205,83.3,73,66,3.69,SB,2022-04-15 21:42:53
450,Romny,50.751,33.4747,50.65,65,100,12.53,UA,2022-04-15 21:42:53
451,Camabatela,-8.1881,15.375,62.08,97,99,0.74,AO,2022-04-15 21:42:54
452,Tutoia,-2.7619,-42.2744,79.12,85,73,7.4,BR,2022-04-15 21:42:54
453,Saint-Denis,48.9167,2.3333,62.15,66,0,8.05,FR,2022-04-15 21:42:54
454,Vardo,70.3705,31.1107,35.74,88,100,24.34,NO,2022-04-15 21:42:55
455,Vestmanna,62.1564,-7.1664,47.32,93,100,9.22,FO,2022-04-15 21:42:55
456,Mantua,45.1667,10.7833,61.84,63,31,5.66,IT,2022-04-15 21:42:55
457,Buala,-8.145,159.5921,78.04,84,100,1.74,SB,2022-04-15 21:42:56
458,Tecoanapa,16.5167,-98.75,86.54,52,84,10.92,MX,2022-04-15 21:42:56
459,Lagoa,39.05,-27.9833,58.75,74,100,14.54,PT,2022-04-15 21:43:57
460,Fort Nelson,58.8053,-122.7002,36.99,25,0,8.05,CA,2022-04-15 21:43:57
461,Belyy Yar,53.6039,91.3903,35.49,44,79,2.24,RU,2022-04-15 21:43:57
462,Korocha,50.8107,37.1953,52.52,72,96,7.74,RU,2022-04-15 21:43:58
463,San Rafael Del Sur,11.8485,-86.4384,95.97,31,66,12.15,NI,2022-04-15 21:43:58
464,Antofagasta,-23.65,-70.4,63.68,79,5,6.44,CL,2022-04-15 21:43:59
465,Sun Valley,39.5963,-119.776,61.48,33,75,17.0,US,2022-04-15 21:43:02
466,Paamiut,61.994,-49.6678,24.75,76,28,13.94,GL,2022-04-15 21:43:59
467,Pimentel,-6.8367,-79.9342,71.89,68,0,20.71,PE,2022-04-15 21:43:59
468,Camana,-16.6228,-72.7111,69.26,78,73,10.29,PE,2022-04-15 21:44:00
469,Padang,-0.9492,100.3543,78.75,83,100,2.39,ID,2022-04-15 21:44:00
470,Monywa,22.1167,95.1333,83.91,55,36,6.6,MM,2022-04-15 21:44:00
471,Keratea,37.8073,23.9769,60.49,54,100,6.38,GR,2022-04-15 21:44:01
472,Tashtyp,52.7939,89.8983,35.58,78,61,3.85,RU,2022-04-15 21:44:01
473,Demmin,53.9076,13.0314,39.99,88,20,6.71,DE,2022-04-15 21:44:01
474,Okhotsk,59.3833,143.3,15.53,84,52,7.29,RU,2022-04-15 21:44:02
475,San Carlos De Bariloche,-41.1456,-71.3082,62.35,39,0,21.85,AR,2022-04-15 21:44:02
476,Nouadhibou,20.931,-17.0347,62.58,88,0,14.97,MR,2022-04-15 21:44:03
477,Jaciara,-15.9653,-54.9683,73.54,89,26,1.99,BR,2022-04-15 21:43:24
478,Makakilo City,21.3469,-158.0858,80.92,50,100,17.27,US,2022-04-15 21:44:03
479,Cotacachi,0.3,-78.2667,69.35,76,98,3.69,EC,2022-04-15 21:44:03
480,Urumqi,43.801,87.6005,38.35,20,0,6.71,CN,2022-04-15 21:44:04
481,Canutama,-6.5339,-64.3831,77.45,96,100,1.41,BR,2022-04-15 21:44:04
482,Ampanihy,-24.7,44.75,75.09,75,46,1.32,MG,2022-04-15 21:44:05
483,Porto Velho,-8.7619,-63.9039,78.85,89,75,5.75,BR,2022-04-15 21:44:05
484,Batticaloa,7.7102,81.6924,79.11,88,20,8.72,LK,2022-04-15 21:44:05
485,Huadian,42.9633,126.7478,41.88,42,3,11.59,CN,2022-04-15 21:44:06
486,Kimbe,-5.5502,150.1429,80.11,84,78,1.36,PG,2022-04-15 21:44:06
487,Snezhnogorsk,69.1933,33.2531,24.58,94,63,6.17,RU,2022-04-15 21:44:06
488,Ostrovnoy,68.0531,39.5131,24.37,88,71,9.19,RU,2022-04-15 21:44:07
489,Pascagoula,30.3658,-88.5561,80.42,69,100,9.22,US,2022-04-15 21:44:07
490,Gat,31.61,34.7642,64.4,66,88,3.62,IL,2022-04-15 21:43:27
491,Atbasar,51.8,68.3333,54.57,47,91,9.73,KZ,2022-04-15 21:44:08
492,Martinsburg,39.4562,-77.9639,72.59,17,0,16.11,US,2022-04-15 21:44:08
493,Ahipara,-35.1667,173.1667,64.22,58,99,3.44,NZ,2022-04-15 21:44:09
494,Jiaocheng,24.6774,116.1389,66.74,82,100,2.24,CN,2022-04-15 21:44:09
495,Diu,20.7141,70.9822,77.43,78,0,10.47,IN,2022-04-15 21:44:09
496,Buchanan,5.8808,-10.0467,80.24,84,100,7.29,LR,2022-04-15 21:44:10
497,Sanguem,15.2333,74.1667,83.68,87,94,1.41,IN,2022-04-15 21:44:10
498,Henties Bay,-22.116,14.2845,59.45,84,0,8.84,NA,2022-04-15 21:44:11
499,Grindavik,63.8424,-22.4338,46.87,100,100,35.68,IS,2022-04-15 21:44:11
500,Saldanha,-33.0117,17.9442,57.25,59,6,18.1,ZA,2022-04-15 21:44:11
501,Mildura,-34.2,142.15,57.16,67,2,0.0,AU,2022-04-15 21:44:12
502,Nemuro,43.3236,145.575,33.85,89,100,20.02,JP,2022-04-15 21:44:12
503,Krasnovishersk,60.4078,57.082,28.18,98,100,3.51,RU,2022-04-15 21:44:12
504,Porteirinha,-15.7433,-43.0283,75.58,74,88,4.76,BR,2022-04-15 21:44:13
505,Riesi,37.2819,14.0823,58.19,60,100,17.96,IT,2022-04-15 21:45:13
506,Salalah,17.0151,54.0924,80.69,83,40,1.14,OM,2022-04-15 21:41:45
507,Kiruna,67.8557,20.2251,22.12,80,100,10.36,SE,2022-04-15 21:45:14
508,Bjerkvik,68.5597,17.5189,32.0,76,100,5.66,NO,2022-04-15 21:45:14
509,Tayoltita,24.0833,-105.9333,89.02,11,91,8.52,MX,2022-04-15 21:45:14
510,Spanish Town,17.9911,-76.9574,86.7,67,20,24.16,JM,2022-04-15 21:45:15
511,Willowmore,-33.2926,23.4895,45.79,77,23,6.93,ZA,2022-04-15 21:45:15
512,Oriximina,-1.7656,-55.8661,77.2,92,100,2.84,BR,2022-04-15 21:40:40
513,Port Blair,11.6667,92.75,77.04,94,20,2.3,IN,2022-04-15 21:45:16
514,Riyadh,24.6877,46.7219,82.54,27,95,3.8,SA,2022-04-15 21:40:42
515,Mastic Beach,40.7668,-72.8521,62.98,53,0,16.11,US,2022-04-15 21:45:16
516,Tubuala,9.5167,-79.0333,81.36,80,77,12.01,PA,2022-04-15 21:45:16
517,Cap Malheureux,-19.9842,57.6142,76.46,86,29,5.99,MU,2022-04-15 21:45:17
518,Den Helder,52.9599,4.7593,49.01,78,100,10.36,NL,2022-04-15 21:42:57
519,Krasnoselkup,65.7,82.4667,29.43,98,100,3.71,RU,2022-04-15 21:45:17
520,Manaus,-3.1019,-60.025,77.49,94,75,8.05,BR,2022-04-15 21:45:18
521,Halifax,44.6453,-63.5724,44.53,98,100,3.44,CA,2022-04-15 21:41:26
522,Fare,-16.7,-151.0167,81.97,71,1,17.87,PF,2022-04-15 21:45:18
523,Sobolevo,54.4299,31.8996,37.72,96,100,14.47,RU,2022-04-15 21:45:18
524,Mackay,-21.15,149.2,72.68,88,100,9.22,AU,2022-04-15 21:45:19
525,Portland,45.5234,-122.6762,55.83,52,40,5.75,US,2022-04-15 21:45:19
526,Mabaruma,8.2,-59.7833,78.03,76,80,6.49,GY,2022-04-15 21:45:20
527,Shimoda,34.6667,138.95,47.1,89,100,15.32,JP,2022-04-15 21:41:46
528,Uwajima,33.2238,132.56,49.62,67,55,14.63,JP,2022-04-15 21:45:20
529,Shingu,33.7333,135.9833,53.65,74,56,7.16,JP,2022-04-15 21:45:20
530,Farah,32.5,62.5,74.26,11,40,1.43,AF,2022-04-15 21:45:21
531,Prince Rupert,54.3161,-130.3201,48.29,31,0,8.05,CA,2022-04-15 21:45:21
532,Borzna,51.2546,32.4269,51.78,84,100,12.62,UA,2022-04-15 21:45:22
533,Kapoeta,4.7717,33.5903,72.03,89,100,8.52,SS,2022-04-15 21:45:22
534,Copiapo,-27.3667,-70.3333,60.49,54,0,6.78,CL,2022-04-15 21:45:23
535,Skibotn,69.3913,20.2679,30.72,88,94,6.73,NO,2022-04-15 21:45:23
536,Umm Lajj,25.0213,37.2685,75.65,57,0,6.2,SA,2022-04-15 21:45:23
537,Pervomayskiy,53.2485,40.2871,43.7,70,94,7.67,RU,2022-04-15 21:45:24
538,Samarai,-10.6167,150.6667,82.89,73,97,8.34,PG,2022-04-15 21:45:24
539,Husavik,66.0449,-17.3389,41.85,77,100,13.18,IS,2022-04-15 21:45:24
540,Lucapa,-8.4192,20.7447,66.92,97,100,0.87,AO,2022-04-15 21:45:17
541,Asyut,27.181,31.1837,73.58,21,0,2.57,EG,2022-04-15 21:45:25
542,Bandar-E Anzali,37.4727,49.4622,51.91,69,53,2.93,IR,2022-04-15 21:45:05
543,Deputatskiy,69.3,139.9,6.42,79,100,1.59,RU,2022-04-15 21:45:26
544,Lima,-12.0432,-77.0282,71.38,80,0,16.11,PE,2022-04-15 21:45:26
545,Pemba,-12.974,40.5178,81.3,83,20,6.91,MZ,2022-04-15 21:45:26
546,Shelburne,44.0787,-80.2041,50.45,55,86,25.32,CA,2022-04-15 21:45:27
547,Puerto Escondido,15.85,-97.0667,87.06,57,66,7.72,MX,2022-04-15 21:45:27
548,Mecca,21.4267,39.8261,81.81,34,0,3.2,SA,2022-04-15 21:45:12
549,Tabou,4.423,-7.3528,80.44,85,100,7.76,CI,2022-04-15 21:45:27
550,Kasongo-Lunda,-6.4667,16.8167,68.74,99,99,0.96,CD,2022-04-15 21:45:28
551,Huntsville,34.7304,-86.5861,77.95,26,100,11.99,US,2022-04-15 21:43:16
552,La Rochelle,46.1667,-1.15,57.94,94,0,3.44,FR,2022-04-15 21:45:28
553,Ilulissat,69.2167,-51.1,14.02,57,75,6.91,GL,2022-04-15 21:46:29
554,Qianan,44.9932,124.0581,44.44,36,13,9.15,CN,2022-04-15 21:46:29
555,Road Town,18.4167,-64.6167,80.64,69,40,12.66,VG,2022-04-15 21:45:51
556,Ravar,31.2656,56.8055,72.09,32,100,4.68,IR,2022-04-15 21:46:29
557,Linhares,-19.3911,-40.0722,73.22,65,99,13.56,BR,2022-04-15 21:46:30
558,Namibe,-15.1961,12.1522,71.62,76,70,3.85,AO,2022-04-15 21:46:30
559,Yangshe,31.8899,120.6052,50.0,87,84,5.57,CN,2022-04-15 21:46:31
560,Nichinan,31.6,131.3667,53.28,74,100,10.29,JP,2022-04-15 21:46:31
561,Cervo,43.6702,-7.4101,54.97,94,8,7.23,ES,2022-04-15 21:46:31
562,Hofn,64.2539,-15.2082,44.94,93,60,1.68,IS,2022-04-15 21:46:32
563,Gawler,-34.6,138.7333,65.1,79,0,5.95,AU,2022-04-15 21:46:32
564,Ixtapa,20.7,-105.2,89.65,31,100,7.56,MX,2022-04-15 21:46:32
565,Ajdabiya,30.7554,20.2263,78.08,19,70,27.94,LY,2022-04-15 21:46:33
566,Pundaguitan,6.3711,126.1689,81.34,75,92,3.47,PH,2022-04-15 21:46:33
567,Sao Filipe,14.8961,-24.4956,71.47,76,4,9.53,CV,2022-04-15 21:46:33
568,Akyab,20.15,92.9,81.64,83,12,5.44,MM,2022-04-15 21:46:34
569,Hirara,24.8,125.2833,70.07,73,75,16.11,JP,2022-04-15 21:46:34
570,Inyonga,-6.7167,32.0667,69.46,77,100,5.37,TZ,2022-04-15 21:46:35
571,Capitan Bado,-23.2667,-55.5333,61.16,82,0,6.91,PY,2022-04-15 21:46:35
572,Lagunillas,10.1301,-71.2595,86.07,62,5,3.04,VE,2022-04-15 21:46:35
573,Margate,51.3813,1.3862,48.69,89,48,1.99,GB,2022-04-15 21:46:36
574,Coria,39.9879,-6.5377,65.44,64,80,2.55,ES,2022-04-15 21:42:50
